<?xml version="1.0" encoding="UTF-8"?>
<!DOCTYPE struts PUBLIC
    "-//Apache Software Foundation//DTD Struts Configuration 2.3//EN"
    "http://struts.apache.org/dtds/struts-2.3.dtd">
<struts>
    <constant name="struts.devMode" value="true"/>
    <package name="structeg"  extends="struts-default">
        <action name="sayHi" class="structeg.hello">
            <result name="success">/welcome.jsp</result>
            <result name="failure">/index.jsp</result>
        </action>
    </package>

</struts>